{"cameraMode":{"drawMode":0,"name":"Shaded","section":"Shading Mode"},"sceneLighting":true,"audioPlay":false,"sceneViewState":{"m_AlwaysRefresh":false,"showFog":true,"showSkybox":true,"showFlares":true,"showImageEffects":true,"showParticleSystems":true,"showVisualEffectGraphs":true,"m_FxEnabled":true},"in2DMode":false,"pivot":{"x":242.91519165039063,"y":10.213150024414063,"z":826.157958984375},"rotation":{"x":-0.10957084596157074,"y":0.018484313040971757,"z":-0.002037431113421917,"w":-0.9938129186630249},"size":606.6980590820313,"orthographic":false}