{"cameraMode":{"drawMode":0,"name":"Shaded","section":"Shading Mode"},"sceneLighting":true,"audioPlay":false,"sceneViewState":{"m_AlwaysRefresh":false,"showFog":true,"showSkybox":true,"showFlares":true,"showImageEffects":true,"showParticleSystems":true,"showVisualEffectGraphs":true,"m_FxEnabled":true},"in2DMode":false,"pivot":{"x":54.159950256347659,"y":4.153238296508789,"z":858.341552734375},"rotation":{"x":0.0030097337439656259,"y":0.8890638947486877,"z":0.005863601807504892,"w":-0.45777976512908938},"size":0.8660253882408142,"orthographic":false}